KEL PART 62;KEL Parts 18;EL PARTS 4;;;;Row Labels;
ACB;OIL;OIL;;;;ACCEC 1;ACCEC
ACCEC;APPAREL;APPAREL;;;;ACCEC 2;PACC
ACG;OIL;OIL;;;;AHM;AHM
AHM;AHM;PARTS;;;;AHM CHAIN LUBE;ACB
BATT;BATT;PARTS;;;;AHM CVT GREASE;ACG
BLDRV;BLDRV;PARTS;;;;AHM OIL;OIL
BRAKE;BRAKE;PARTS;;;;BATTERY;BATT
BRNG;BRNG;PARTS;;;;BEARING;BRNG
BRNG3;BRNG;PARTS;;;;BEARING 3;BRNG3
CABLE;OTHERS;PARTS;;;;Belt Drive;BLDRV
CCKIT;OTHERS;PARTS;;;;BRAKE SYSTEM;BRAKE
CDKGP;CDKGP;PARTS;;;;CABLE;CABLE
CDKIT;OTHERS;PARTS;;;;CAM CHAIN KIT;CCKIT
CHAIN;OTHERS;PARTS;;;;CHAIN;CHAIN
COOL;OTHERS;PARTS;;;;CHAIN DRIVE KIT (HGP);CDKGP
CRKIT;OTHERS;PARTS;;;;CHAIN DRIVE KIT (HVL);CDKGP
DIHVL;OTHERS;PARTS;;;;CONN ROD KIT;CRKIT
DISK;DISK;PARTS;;;;DISK CLUTCH;DISK
EC;EC;PARTS;;;;DISK CLUTCH VL;DISK
ELECT;ELECT;PARTS;;;;EC ELMT CLEANER;EC
EPHVL;OTHERS;PARTS;;;;ELECTRICAL  (HVL);ELECT
EVBT;OTHERS;PARTS;;;;ELECTRICAL PART;ELECT
EVCH;OTHERS;PARTS;;;;EVBT EV BATTERY;EVBT
FLUID;OIL;OIL;;;;EVCH EV CHARGER;EVCH
GMO;OIL;OIL;;;;FLUID;FLUID
GST;OTHERS;PARTS;;;;GASKET;GST
HELM;APPAREL;APPAREL;;;;GEAR MATIC OIL;GMO
HPLAS;OTHERS;PARTS;;;;HELMET;HELM
IMPOR;OTHERS;PARTS;;;;HONDA M/C GENUINE COOLANT;COOL
LGS;OTHERS;PARTS;;;;HVL PLASTIC ;PLAST
MUF;OTHERS;PARTS;;;;IMPORT ;IMPORT
OIL;OIL;OIL;;;;MUFFLER;MUF
OSEAL;OSEAL;PARTS;;;;OIL SEAL;OSEAL
OTHER;OTHERS;PARTS;;;;OIL SHOCK;SAOIL
PACC;PACC;PACC;;;;OTHERS;OTHER
PAINT;OTHERS;PARTS;;;;PAINT;PAINT
PLAST;PLAST;PARTS;;;;PISTON;PSTN
PSKIT;PSKIT;PARTS;;;;PISTON KIT;PSKIT
PSTN;OTHERS;PARTS;;;;PLASTIC;PLAST
RBR;OTHERS;PARTS;;;;RACE STEERING KIT;RSKIT
RIMWH;OTHERS;PARTS;;;;RIM WHEEL;RIMWH
RPHVL;OTHERS;PARTS;;;;RING PISTON;RPIST
RPIST;OTHERS;PARTS;;;;RING PSTN HVL;RPHVL
RSKIT;OTHERS;PARTS;;;;RUBBER;RBR
RWHVL;OTHERS;PARTS;;;;SHOCK ABSORBER;SHOCK
SAOIL;OTHERS;PARTS;;;;SPARK PLUG RESISTOR;SPLUR
SD;OTHERS;PARTS;;;;SPOKE;SPOKE
SDN;OTHERS;PARTS;;;;SPROCKET DRIVE;SD
SHOCK;SHOCK;PARTS;;;;SPROCKET DRIVEN;SDN
SPGUI;OTHERS;PARTS;;;;SPROCKET GUIDE;SPGUI
SPLUG;SPARKPLUG;PARTS;;;;STRIPE;STR
SPLUR;SPARKPLUG;PARTS;;;;TAPPET ADJUSTER SET;TAS
SPOKE;OTHERS;PARTS;;;;TIRE;TIRE
STR;OTHERS;PARTS;;;;TIRE1;TIRE1
TAS;OTHERS;PARTS;;;;TOOLS;TL
TB1;OTHERS;PARTS;;;;TUBE (HGP);TBHGP
TBHGP;OTHERS;PARTS;;;;TUBE (HVL);TBVL
TBVL;OTHERS;PARTS;;;;TUBE 1;TB1
TIRE;TIRE;PARTS;;;;VALVE;VALVE
TIRE1;TIRE;PARTS;;;;;
TL;NON;NON;;;;;
VALVE;OTHERS;PARTS;;;;;
